{"appVersion":"4.39.95","arch":"x64","isGpuCompositionAvailable":true,"isTitleBarHidden":false,"win32":{"osProduct":"Workstation","servicingChannel":"SAC","isAeroGlassEnabled":true,"isWin10":true,"isPackagedApp":true},"platform":"win32","platformVersion":{"major":10,"minor":0,"build":22631},"developerMenuOverride":false,"resourcePath":"C:\\Program Files\\WindowsApps\\91750D7E.Slack_4.39.95.0_x64__8she8kybcnzg4\\app\\resources\\app.asar","uuid":"ba0df005-30b6-42ef-ac06-5d853d000c74","applicationProcessSessionId":"YmEwZGYwMDUtMzBiNi00MmVmLWFjMDYtNWQ4NTNkMDAwYzc0XzE3MjMzMTk4NzgyNjc=","distribution":"WinStore","bootFragments":[],"clientEnvironment":1000,"invokedOnStartup":false}